Aleksa,Antic,aleksa.antic@example.com,aleksacar123
Marko,Markovic,marko.markovic@example.com,markocar123
Stanko,Stankovic,stanko.stankovic@example.com,stankocar123
Milica,Milic,milica.milic@example.com,milicacar123
Jovan,Jovanovic,jovan.jovanovic@example.com,jovancar123
Petar,Petrovic,petar.petrovic@example.com,petarcar123
Ana,Anic,ana.anic@example.com,anacar123
Ivana,Ivanic,ivana.ivanic@example.com,ivanacar123
Nikola,Nikolic,nikola.nikolic@example.com,nikolacar123
Jelena,Jelic,jelena.jelic@example.com,jelenacar123